feature,mean_abs_shap
submissions_missed,1.3328894
days_active,1.2574072
avg_score,0.7062723
num_assessments,0.63571715
score_range,0.36704257
max_score,0.17419666
min_score,0.13839272
click_trend,0.13017291
click_intensity,0.11512113
score_std,0.10515377
highest_education,0.0705622
total_clicks,0.040250517
registration_gap,0.027764274
imd_band,0.026795786
avg_clicks_per_day,0.02499032
score_per_click,0.023743862
region,0.020149825
studied_credits,0.017551703
unique_activities,0.01614322
num_of_prev_attempts,0.009995145
gender,0.0077454797
age_band,0.0069683143
disability,0.0066399532
registered_early,0.00041369104
engagement_consistency,0.0
